Path,Count,Event
/,120,false
/404,3,false
section/hero/seen,120,true
section/hero/3s,110,true
section/hero/10s,86,true
section/hero/30s,45,true
section/hero/60s,20,true
section/experience/seen,95,true
section/experience/3s,80,true
section/experience/10s,62,true
section/experience/30s,35,true
section/experience/60s,16,true
section/projects/seen,82,true
section/projects/3s,74,true
section/projects/10s,55,true
section/projects/30s,30,true
section/projects/60s,12,true
section/skills/seen,60,true
section/skills/3s,45,true
section/skills/10s,28,true
section/skills/30s,10,true
section/skills/60s,3,true
section/about/seen,48,true
section/about/3s,36,true
section/about/10s,20,true
section/about/30s,8,true
section/about/60s,2,true
section/contact/seen,28,true
section/contact/3s,18,true
section/contact/10s,8,true
section/contact/30s,3,true
section/contact/60s,1,true
session/engaged/15s,100,true
session/engaged/30s,82,true
session/engaged/60s,55,true
session/engaged/120s,20,true
scroll/25,108,true
scroll/50,85,true
scroll/75,58,true
scroll/100,30,true
click/resume-pdf,17,true
click/email,6,true
filter/production,19,true
filter/perception,12,true
filter/agents,9,true
video/clashbots,14,true
video/rdkdc_imagedrawing,11,true
expand/ai-operations-agent-safety,21,true
expand/agent-workbench,13,true
outbound/github.com/AustinHuang823,18,true
theme/heritage,7,true
